{"stat.pickup.minecraft.log":5,"stat.flyOneCm":35920,"stat.walkOneCm":25778,"stat.pickup.expanded.oak_lantern":6,"stat.jump":14,"stat.playOneMinute":6566,"stat.killEntity.Witch":1,"achievement.openInventory":2,"stat.pickup.minecraft.stick":2,"stat.useItem.expanded.oak_lantern":5,"stat.leaveGame":1,"stat.sneakTime":163,"stat.damageDealt":1880,"stat.pickup.minecraft.redstone":2,"stat.sleepInBed":1,"stat.timeSinceDeath":6566,"achievement.mineWood":2,"stat.pickup.minecraft.sapling":1,"stat.mobKills":1,"stat.useItem.minecraft.stone_slab2":2,"achievement.exploreAllBiomes":{"value":0,"progress":["Sunflower Plains","Plains","Taiga"]},"stat.useItem.minecraft.diamond_sword":76}