{"stat.flyOneCm":14050,"stat.walkOneCm":34761,"stat.pickup.minecraft.diamond":8,"stat.jump":21,"stat.playOneMinute":13395,"achievement.openInventory":11,"stat.mineBlock.minecraft.diamond_ore":8,"stat.leaveGame":1,"stat.sneakTime":33,"stat.useItem.minecraft.diamond_pickaxe":9,"stat.sleepInBed":1,"stat.timeSinceDeath":13395,"stat.sprintOneCm":6104,"stat.pickup.minecraft.cobblestone":1,"stat.useItem.minecraft.stone_slab2":40,"stat.mineBlock.minecraft.stone":1,"achievement.exploreAllBiomes":{"value":0,"progress":["Plains"]}}