{"stat.flyOneCm":2976,"stat.walkOneCm":48334,"stat.pickup.minecraft.wheat_seeds":29,"stat.jump":35,"stat.craftItem.expanded.cobblestone_door":1,"stat.playOneMinute":10218,"stat.craftItem.expanded.glass_door":1,"stat.useItem.expanded.glass_door":1,"achievement.openInventory":7,"stat.pickup.minecraft.red_flower":3,"stat.leaveGame":1,"stat.craftItem.expanded.brick_door":1,"stat.mineBlock.minecraft.red_flower":3,"stat.sleepInBed":1,"stat.timeSinceDeath":10218,"stat.pickup.minecraft.dirt":6,"stat.sprintOneCm":13152,"stat.mineBlock.minecraft.dirt":6,"stat.useItem.minecraft.stone_slab2":43,"achievement.exploreAllBiomes":{"value":0,"progress":["Plains","Taiga"]},"stat.mineBlock.minecraft.tallgrass":225,"stat.craftingTableInteraction":1}