{"stat.walkOneCm":40829,"stat.drop.minecraft.iron_door":2,"stat.pickup.minecraft.iron_door":4,"stat.drop":66,"stat.pickup.minecraft.diamond":64,"stat.useItem.minecraft.birch_fence":64,"stat.jump":43,"stat.playOneMinute":17557,"achievement.openInventory":14,"stat.pickup.minecraft.redstone_torch":7,"stat.useItem.minecraft.stone":10,"stat.useItem.minecraft.egg":414,"stat.useItem.minecraft.redstone":24,"stat.leaveGame":1,"stat.pickup.minecraft.redstone":5,"stat.useItem.minecraft.diamond_pickaxe":1,"stat.sleepInBed":1,"stat.timeSinceDeath":17557,"stat.dispenserInspected":7,"stat.drop.minecraft.diamond":64,"stat.useItem.minecraft.stone_slab2":4,"stat.useItem.minecraft.redstone_ore":12,"achievement.exploreAllBiomes":{"value":0,"progress":["Taiga"]}}