{"stat.pickup.expanded.glass_door":1,"stat.useItem.minecraft.glass":3,"stat.walkOneCm":15057,"stat.pickup.expanded.andesite_polished_door":1,"stat.pickup.expanded.cobblestone_door":1,"stat.jump":7,"stat.playOneMinute":6106,"achievement.openInventory":2,"stat.useItem.minecraft.stone":3,"stat.leaveGame":1,"stat.useItem.minecraft.cobblestone":3,"stat.useItem.minecraft.diamond_pickaxe":1,"stat.sleepInBed":1,"stat.timeSinceDeath":6106,"stat.useItem.minecraft.stone_slab2":7,"achievement.exploreAllBiomes":{"value":0,"progress":["Taiga"]}}